DefineLabel,Success,HugeSuccess,Label_End
Label,Success
ShowBlackBelt,TRUE
TextGameResult,TextCharaA
ShowBlackBelt,FALSE
TextCharaB,「‥‥本当にそう思ってるのか？ 」
TextCharaA,(アレ！？もしかして誠意が足りなかったかな‥‥？)
jump,Label_End
Label,HugeSuccess
TextGameResult,TextCharaA
TextCharaB,「ふん、それなりに誠意はあるようだな。」
TextCharaB,「その誠意をもっと早く示せば言うことはないんだがな。」
jump,Label_End
Label,Label_End
ShowBlackBelt,FALSE
TextCharaB,「‥‥まあいいだろう。」
End
TextCharaA
TextCharaA
TextCharaA
TextCharaA
TextCharaA
TextCharaA
TextCharaA
TextCharaA
TextCharaA
TextCharaA
TextCharaA
TextCharaA
TextCharaA
TextCharaA
TextCharaA
TextCharaA
TextCharaA
TextCharaA
TextCharaA
TextCharaA
TextCharaA
TextCharaA
TextCharaA
TextCharaA
TextCharaA
TextCharaA
TextCharaA
TextCharaA
TextCharaA
TextCharaA
TextCharaA
TextCharaA
TextCharaA
