TextCharaB,「なにガン飛ばしてくれてんだ！！」
TextCharaA,(《ガン》？‥‥よく分からないけど、気分を悪くさせちゃったみたい‥‥！！)
TextCharaA,「ごめんね。えっと、ワタシ、そういうつもりじゃ‥‥。」
TextCharaB,「コッチにもメンツってもんがあんだよ‥‥。」
TextCharaB,「見逃して欲しいなら、誠心誠意シャザイしろ！！」
TextCharaA,(えっと‥‥たしか、こういう時は日本語で‥‥)
TextCharaA,("悪かったと思ってる"に、《Very》の意味がある"本当に"をつけて‥‥)
TextCharaA,(アレ？《ソンケイゴ》の"貴様"も必要かな？)
TextCharaB,「早く何とか言ってみろ！」
TextCharaA,「は、はい！‥‥今回の件は、」
ShowBlackBelt,TRUE
TextCharaA,「本当に貴様が悪かったと思ってる！」
ShowBlackBelt,FALSE
TextCharaB,「‥‥‥。」
TextCharaB,「‥‥ほお？よくも言ってくれたなぁ？」
TextCharaB,「そっちがその気なら、身の程分からせてやる！」
TextCharaA,「え、ちょ。」
ShootGun
FadeScreen,TRUE
ShowFairy,TRUE
TextFairy,「うわぁ、派手にいったねぇ‥‥。」
TextFairy,「でも、いくら焦ってても"貴様"は無いよねー！」
TextFairy,「ゲンゴが通じないと大変なんだなぁ。」
TextFairy,「仕方ない。ここは救ってあげますか！」
ShowFairy,FALSE
FadeScreen,FALSE
TimeLeap
TextCharaA,「は、はい！‥‥今回の件は、」
GoToGame,本当に,貴様が,悪いと,思ってる
TextCharaA
TextCharaA
TextCharaA
TextCharaA
TextCharaA
TextCharaA
TextCharaA
TextCharaA
TextCharaA
TextCharaA
TextCharaA
TextCharaA
TextCharaA
TextCharaA
TextCharaA
TextCharaA
TextCharaA
TextCharaA
TextCharaA
TextCharaA
TextCharaA
