DefineLabel,Lose,NotContext,NextGame
Label,Lose
TextGameResult,TextCharaA
TextCharaB,「‥‥‥。」
TextCharaB,「‥‥ほお？よくも言ってくれたなぁ？」
TextCharaB,「そっちがその気なら、身の程分からせてやる！」
TextCharaA,「え、ちょ。」
ShootGun
FadeScreen,TRUE
ShowFairy,TRUE
TextFairy,「アレ！？また撃たれちゃったの！？」
jump,NextGame
Label,NotContext
TextGameResult,TextCharaA
TextCharaB,「‥‥‥‥？」
TextCharaB,「お前、適当なこと言って煙に巻こうとしてんのか？」
FadeScreen,TRUE
ShowFairy,TRUE
TextFairy,「撃たれはしなかったけど、よりゲンゴが通じなくなっちゃった‥‥。」
TextFairy,「これじゃ、結局ジタイは解決しないよ！」
jump,NextGame
Label,NextGame
TextFairy,「よし、もう一回チャレンジだ！」
ShowFairy,FALSE
FadeScreen,FALSE
TimeLeap
TextCharaA,「は、はい！‥‥今回の件は、」
GoToGame,本当に,貴様が,悪いと,思ってる
TextCharaA
TextCharaA
TextCharaA
TextCharaA
TextCharaA
TextCharaA
TextCharaA
TextCharaA
TextCharaA
TextCharaA
TextCharaA
TextCharaA
TextCharaA
TextCharaA
TextCharaA
TextCharaA
TextCharaA
TextCharaA
TextCharaA
TextCharaA
TextCharaA
TextCharaA
